#{"t_start": 1762023875.3610036, "env_id": "None"}
r,l,t
148.061075,414,6.343406
-139.263258,1150,9.334119
-33.628569,2017,13.911507
-89.350665,1098,16.620769
35.890186,2394,21.664804
-139.085886,1341,24.874478
-138.780409,509,26.398705
122.725501,418,27.73145
-66.166948,2185,43.120495
-129.20604,966,45.595709
-29.031183,1869,49.739305
143.237076,409,51.08145
9.900946,2126,55.656303
-104.630154,1760,59.678504
140.815669,340,60.909404
-78.33738,1263,64.054306
135.897995,340,66.579256
-49.386243,1578,96.54395
42.193659,2700,112.241367
-138.854626,1052,119.365186
-89.158685,1671,129.419347
135.763992,414,132.367009
-113.795866,1082,139.145278
-84.378077,1756,149.586744
65.929298,1616,176.73837
165.775405,340,178.236651
-64.179163,1724,182.761395
195.785608,340,184.035687
21.279952,2338,190.05
-104.511893,2358,203.24317
135.867544,340,205.731662
-119.647518,1264,212.836818
-118.262055,810,218.001484
-119.503456,1125,224.652973
-113.7576,1165,254.138792
123.000957,340,255.916721
-93.612139,2095,261.894537
135.761872,414,263.495489
122.866019,340,264.851619
137.594336,414,266.542012
165.904661,340,267.934419
-80.884915,1930,272.318671
-105.424757,939,276.661729
-110.321592,1209,282.674711
-58.007516,1059,290.101287
-126.663766,614,297.857797
135.829943,340,330.089397
-79.876759,1130,342.111516
-122.35612,1307,355.596096
-94.897212,1006,366.961889
192.18453,1297,381.259617
128.85838,1340,396.50954
119.168996,1264,410.016937
-115.920683,1277,424.554755
258.996633,1710,441.595467
195.774925,340,466.736063
-129.533335,878,474.493924
-138.684611,1943,485.241857
123.421002,340,487.72644
128.818526,2034,504.423304
235.535007,2195,522.522199
127.489443,797,529.808707
-84.913005,1517,543.068461
20.691449,1960,575.832047
127.87339,424,578.851838
-90.008215,1230,589.621604
109.142558,1186,599.998325
-139.504598,1452,613.779755
-106.198669,976,622.8757
-117.135507,792,630.856497
135.760479,340,633.720367
-116.918858,1111,644.086525
-78.818654,1010,653.446476
142.584616,437,657.038787
135.77245,340,659.930772
140.836017,340,662.54785
135.911333,340,689.586791
120.167437,693,696.462638
-55.630458,1705,712.174869
84.521108,1927,730.06234
182.788404,732,737.245297
-86.862314,891,745.65083
143.031665,1119,755.375317
-95.509552,971,764.616573
-94.536047,1568,778.339346
188.951226,1496,808.061889
-54.591559,1405,811.328748
-127.163147,487,813.316187
-109.434582,951,816.570368
265.394097,962,820.241284
-59.101294,897,822.365229
155.849912,340,823.553277
4.207022,1507,828.324353
-74.929621,861,831.41157
139.212506,773,834.41916
161.232647,1200,836.986502
-118.817086,1217,847.61117
135.8882,340,848.97014
123.645677,414,850.315388
-6.919201,1251,854.110695
234.922539,2051,860.45746
150.866088,340,861.794548
162.619673,414,863.157631
426.483433,2436,872.010728
109.533287,1080,875.288942
129.221175,1141,878.699871
-95.250927,1465,893.144028
-58.924231,1481,898.3652
122.95149,408,899.720011
-34.928496,924,903.524095
140.864166,340,904.776826
159.778152,1400,909.323843
-54.885746,881,912.392982
182.839854,723,915.028305
162.079559,1071,918.781487
169.501558,1250,922.927343
135.925018,340,924.222456
122.810015,414,925.660664
209.149014,1184,941.473893
122.983981,414,943.420138
134.005153,1022,947.377083
-17.085479,2700,953.603858
122.615483,340,954.978444
-35.404271,2284,960.092999
155.916193,340,961.38943
49.065033,1596,966.473494
-110.087559,1058,970.064404
-73.265568,1569,984.919689
-122.357759,1238,989.50086
137.668333,539,991.751224
135.760323,340,992.984481
-107.638065,812,995.960823
26.063336,1353,1000.16378
122.934368,414,1001.453881
235.804188,765,1004.165918
-106.683843,814,1006.688297
-87.02902,724,1008.96069
139.163631,1093,1012.674549
122.879465,414,1013.910375
135.821342,340,1015.030495
135.945186,340,1016.227432
162.495543,853,1019.160719
313.085542,1650,1034.704817
135.85903,340,1035.90758
-106.97824,943,1039.244417
158.923806,1347,1043.594903
310.291232,1485,1047.801213
-94.263982,1442,1050.666321
-61.349377,1563,1055.599435
150.871021,340,1056.818209
137.708314,1069,1060.341579
-126.944638,858,1072.604539
-127.142841,1179,1076.184654
-119.912754,1037,1079.481449
-99.777925,1818,1084.813959
-139.138944,928,1086.906189
-112.791701,1182,1090.59696
12.677976,911,1093.962234
109.46494,836,1096.931264
135.556001,975,1100.549873
-92.299966,1627,1106.005015
145.757113,340,1116.033003
135.833612,340,1117.269389
147.957944,1691,1123.091822
274.014662,1446,1127.646371
123.129253,419,1128.9109
125.918731,452,1130.266626
109.775945,862,1133.537517
-102.257615,1439,1136.951061
-74.301873,932,1140.668017
-126.626505,714,1143.263162
225.557907,861,1146.375545
135.88498,340,1147.849246
5.255088,1759,1165.88198
233.974704,425,1167.333919
-35.075764,1510,1171.946572
135.783297,414,1173.246986
-121.055461,1158,1177.187076
128.975778,1271,1181.349715
-116.712034,1385,1186.020446
152.487441,866,1189.560543
144.036823,886,1193.075495
-61.336048,1982,1200.052523
-80.311738,2409,1214.820477
135.905312,414,1216.113239
-30.554293,1278,1220.575392
122.365677,702,1223.363395
137.883435,340,1224.575264
-84.520849,1316,1229.18318
140.87367,340,1230.46367
135.938432,340,1231.694858
116.443707,1440,1236.511439
109.064575,1106,1240.132257
163.278507,340,1241.37051
132.722732,837,1244.494664
135.944726,340,1252.833061
131.626327,1470,1257.878091
155.90158,418,1259.205133
150.807655,340,1260.407231
155.811858,340,1261.683508
127.3504,340,1262.88003
124.201885,2099,1269.561234
118.285802,1097,1273.042562
129.292461,1640,1278.547026
107.164118,1016,1282.807873
-10.480123,1910,1288.888489
-84.942372,1121,1302.567715
248.793869,1581,1307.579802
142.570285,1219,1311.522732
182.904518,340,1312.758911
-38.776825,741,1315.630883
140.902182,340,1316.786968
-94.211191,1936,1322.201208
149.081793,1337,1333.618895
185.947829,414,1336.578348
162.158458,672,1342.626257
155.814481,414,1345.589624
122.713688,414,1348.437902
135.929904,414,1372.670107
143.56586,1065,1381.576477
125.156417,1026,1390.060448
124.034059,812,1397.10019
-122.418225,1091,1406.043707
172.42591,1305,1415.899375
142.90164,414,1418.788577
135.527141,1142,1427.177115
132.809685,1025,1435.249132
-55.138533,1480,1446.503436
375.527844,1077,1455.863991
124.267323,939,1489.763127
154.109736,1611,1502.54899
261.83431,2199,1519.997841
122.939074,340,1522.513947
150.632797,414,1525.467712
140.96598,350,1528.008896
-123.419191,938,1533.299734
-90.194347,1805,1546.436983
0.903444,1434,1554.226009
142.614149,414,1557.229446
-91.78537,878,1590.744685
135.819559,340,1593.414111
-99.398563,2142,1610.189972
138.997123,442,1613.542328
-114.601779,789,1620.622343
100.992206,1514,1628.918934
-10.376362,2115,1645.426745
79.102475,2365,1663.20892
128.073268,340,1665.772614
1.511939,1909,1701.31025
-63.241556,1772,1714.763846
25.682475,2700,1728.399914
162.854271,414,1731.27541
-64.997906,1893,1745.815523
-127.015799,812,1752.715754
-7.401743,1018,1761.70032
123.230301,340,1764.218432
129.535471,793,1786.948964
36.127855,1615,1803.510874
-150.823344,767,1810.67057
122.983598,426,1813.525948
142.644765,743,1820.24677
122.718205,642,1825.753108
163.032693,1057,1834.089986
104.989478,1488,1845.846635
-60.11324,1236,1855.86513
-115.065885,973,1865.518919
-66.862784,851,1873.004891
-123.441146,1322,1906.787668
155.742388,408,1909.892894
-121.239822,993,1918.313407
150.824169,340,1920.952197
122.439416,1390,1932.03412
-29.68198,1180,1941.556403
182.448621,948,1949.712845
12.0571,2121,1966.362376
-95.093405,2091,1983.158699
-54.510375,1144,2006.112492
-126.424761,1021,2013.765978
135.779743,340,2016.300572
123.726186,1827,2030.486387
215.62493,1260,2040.957924
-75.688642,1501,2052.82875
-105.350613,1152,2062.501481
123.599836,340,2065.032632
187.489355,1387,2076.422488
154.538259,1810,2115.107604
17.510842,1317,2126.137303
-115.5145,1195,2135.294081
109.59611,1061,2144.297562
-127.203867,850,2151.595335
122.895538,414,2154.307312
-114.996981,1195,2163.876382
-74.927747,1316,2174.449371
174.035585,1272,2185.384127
127.616029,1005,2193.839947
243.423547,1018,2215.670408
189.567018,2194,2232.847767
122.8002,414,2235.668331
135.89683,340,2238.142291
149.329627,1660,2251.165466
119.467445,1120,2260.18019
-70.04969,1505,2271.795993
-87.0159,1092,2278.673599
-127.008128,818,2281.651495
167.866794,992,2284.746491
-121.80596,747,2290.05679
198.056327,1093,2293.572026
-127.041706,1104,2296.954419
50.263493,1729,2302.188152
137.46004,1093,2305.669019
-2.027206,912,2308.778975
-99.152025,1098,2312.401003
235.901851,340,2313.594298
254.109135,1638,2318.382845
137.393841,1167,2321.951474
-89.869986,1251,2339.251633
-95.902815,1714,2352.981041
24.653221,1139,2360.410203
135.830818,340,2361.725318
132.639055,713,2364.866547
209.604213,1124,2368.381515
122.424035,414,2369.627187
142.337312,766,2372.373208
160.737043,1011,2376.207507
-122.289635,639,2378.911012
-138.939183,586,2381.18302
-139.031854,1046,2383.808269
-70.641123,1239,2397.469704
-126.83832,763,2400.484643
-124.440478,1031,2403.52926
-85.079494,1509,2406.834841
206.546839,1020,2410.036255
-59.401139,1078,2413.239462
-139.214327,1056,2416.427519
-127.512341,1107,2419.730477
135.789701,340,2420.881978
-20.829193,2105,2426.952367
195.855604,776,2439.502152
-127.074807,744,2442.227236
142.559102,414,2443.584959
-88.440091,1367,2446.915982
106.002656,2700,2452.073036
123.878733,340,2453.175472
187.01971,1441,2457.503064
142.665811,414,2458.808228
-73.911489,1126,2462.426995
159.441473,852,2465.425272
144.972739,1530,2480.162585
-79.388928,951,2483.997982
114.117836,1006,2487.317725
135.861966,749,2489.839828
-109.632458,938,2492.735623
302.022392,1688,2497.38951
0.223076,907,2499.410949
142.870526,340,2500.585216
184.40685,1401,2504.971972
-100.033681,1284,2508.798063
-133.961282,1235,2523.205466
122.750444,734,2526.146672
-114.348912,1111,2529.992326
182.358694,624,2532.103482
215.979426,411,2533.349617
147.957678,1539,2537.651891
-105.099113,1604,2543.11448
234.322125,1404,2547.448012
195.0518,2026,2553.920605
-139.056463,830,2561.509645
128.102445,769,2564.832384
-105.483512,1284,2568.654421
124.104993,1585,2578.099562
135.889953,340,2580.672611
-75.338127,809,2587.822024
123.157537,720,2593.946097
225.697712,414,2596.768162
182.090495,1280,2601.703383
215.892984,425,2603.119635
132.497192,1036,2607.125598
167.095986,1388,2611.419557
135.864801,414,2612.698646
-127.278703,1092,2624.849034
-94.93961,1204,2628.745029
-74.969752,1053,2631.944229
-79.180385,1728,2635.464669
73.502062,2700,2642.218492
362.159021,1679,2648.183309
-35.021094,800,2650.95136
202.897534,985,2669.250265
137.750055,414,2671.99394
135.772934,340,2674.630914
-113.701027,1180,2680.753819
154.37632,933,2688.76622
175.947628,424,2692.019086
-100.18398,976,2698.683744
166.002894,412,2700.168616
-0.017694,1931,2705.441908
-65.03121,1494,2710.20512
84.952897,1544,2715.203929
12.815849,1124,2728.878004
109.76306,414,2730.441772
135.739317,340,2731.736643
-84.293924,1247,2735.890923
-138.97744,811,2738.086742
122.45058,1369,2742.982576
140.869539,340,2744.17755
162.358826,1014,2747.908794
124.816615,1101,2751.658956
155.767398,340,2753.112612
-64.908572,1442,2758.371129
-123.818428,886,2761.674886
-107.195803,983,2765.197809
5.75371,1831,2784.57903
-139.111292,724,2788.852613
215.807242,414,2791.80934
-124.824732,1267,2801.78701
134.464136,1327,2812.420691
182.445746,945,2820.312924
140.666112,340,2822.7472
-119.173576,2477,2830.368159
-112.272517,1603,2835.37827
-106.854598,927,2847.378247
1.269145,1745,2856.056716
109.515145,987,2860.82802
-110.048464,904,2865.259519
61.164304,1484,2869.536601
-19.555978,1241,2872.215286
121.511452,1631,2878.615158
133.234936,2700,2895.582173
-111.727014,1479,2900.757536
122.7876,340,2901.858173
-127.578883,947,2905.344907
-86.657252,932,2909.350127
127.969372,414,2910.597091
134.691386,842,2914.823838
192.711227,1038,2920.520946
142.337158,1507,2927.191857
-89.407396,972,2933.61648
109.546387,1719,2947.170956
-138.511996,1138,2977.320615
231.065287,1051,2987.115088
154.237594,1383,2997.388131
-114.678602,1011,3005.471517
135.739675,340,3007.910514
122.945249,340,3010.355938
-34.642484,871,3017.002823
124.450632,907,3024.783429
-138.941175,580,3028.492596
-106.983835,930,3036.456023
-114.306748,1402,3047.604306
-134.026343,1517,3080.860737
135.835205,340,3083.291954
197.115176,442,3087.828321
-19.053447,810,3092.746659
122.152458,731,3099.162939
163.38379,607,3105.424473
-35.008701,1070,3114.196599
-86.939887,1077,3118.006521
-107.573533,1190,3122.036154
-50.827113,2176,3128.542475
155.911603,1257,3132.705441
152.889404,340,3133.862723
-116.504937,1081,3147.603728
119.3753,1547,3152.207769
-71.143608,1561,3156.545601
-97.296557,1045,3159.911055
150.980561,418,3161.249564
-119.066939,1699,3165.227047
-75.37491,1292,3169.161336
-119.005609,1006,3171.769419
-79.517229,1290,3183.131015
222.698521,1036,3186.544014
155.76542,340,3187.709086
80.826165,2407,3192.40534
-75.066639,1123,3195.736998
192.231773,983,3198.743091
-100.697773,1484,3203.265344
-31.374117,1626,3208.231115
89.840557,2539,3224.809752
168.553107,1093,3228.80288
170.879363,424,3230.168138
142.250342,836,3232.789299
120.270052,1193,3236.233521
203.225591,786,3238.74081
-102.268696,1391,3243.447999
174.402132,1138,3247.521836
-95.2342,1264,3250.641358
91.845391,1236,3254.399276
-139.169741,903,3267.817379
155.799694,340,3269.006558
162.273213,1097,3272.326347
195.887367,423,3273.548139
-139.657331,916,3276.365433
-119.329641,1188,3278.729654
182.257675,1362,3282.54483
-104.971345,1589,3287.062916
-139.410773,767,3289.783836
235.888787,340,3290.909482
-100.004136,1142,3294.565296
122.870922,425,3295.787511
142.678516,1012,3307.693442
150.775175,1804,3311.494503
40.482767,1857,3315.498849
127.875547,836,3318.219729
123.801804,340,3319.310824
169.870303,1183,3322.983536
123.729393,340,3324.065784
169.174273,2151,3334.261842
286.874651,2662,3371.18098
122.76346,414,3373.55248
-99.55918,1927,3377.841424
114.805607,414,3380.375145
-108.459258,1101,3386.775577
14.230734,1936,3402.394569
122.754278,1129,3411.097402
196.73645,1442,3422.718066
-138.829407,603,3426.510659
198.688104,2443,3466.87756
229.308571,1066,3475.775134
153.97387,1209,3485.574385
109.09309,1774,3499.935293
-68.516227,2173,3516.869396
143.064659,792,3523.887752
-74.799057,1869,3533.481884
-139.854744,835,3540.709268
208.519672,2303,3563.41417
17.957102,1202,3567.948811
142.627098,935,3572.061058
228.638969,1562,3577.223825
224.944193,1935,3584.597719
123.010706,414,3586.987281
-117.077474,833,3592.007135
20.731932,2434,3612.333472
332.245247,1232,3618.267503
-115.199021,1113,3627.044903
-99.244954,961,3632.538252
-129.613867,1648,3640.868887
135.874006,410,3643.751959
288.720136,1703,3656.727664
109.212831,1679,3669.108262
135.879422,340,3671.708856
187.429526,1456,3701.495018
140.800821,340,3704.036616
129.447396,1126,3712.807515
-34.634054,1027,3721.084507
-24.544011,1726,3733.959872
123.164596,414,3736.88127
180.350122,1156,3746.134816
132.518969,736,3752.779385
-47.393552,1184,3762.437204
135.755987,340,3765.066647
163.955976,1708,3775.869492
152.623023,934,3792.84464
-95.416026,1343,3798.836474
135.542956,340,3799.912563
371.744927,1870,3807.363113
113.500302,1893,3814.267197
189.32437,873,3818.626947
-105.218792,1351,3824.737225
175.647997,414,3826.243078
-85.521991,1594,3833.035245
207.950978,1514,3848.404347
169.531723,1138,3853.071236
-115.322739,941,3859.394498
-107.310826,859,3867.02512
140.783894,340,3869.497937
171.640173,1023,3878.177826
128.845776,1143,3887.624127
135.794136,340,3890.186973
133.131906,414,3893.15126
-55.755838,1401,3905.14669
-49.443048,1319,3916.052047
-64.497979,687,3922.415924
182.111342,1457,3961.990242
76.833921,2700,3975.80152
-120.764316,1924,3985.348136
-39.62388,1418,3995.97501
-80.012428,1166,4005.479209
-45.239136,2336,4022.983745
155.87217,340,4035.912554
122.924802,831,4043.608248
-95.480232,1071,4051.98275
122.762614,414,4054.858937
-79.165502,1728,4063.855967
-67.989861,2111,4069.736917
135.067474,1439,4074.326351
175.819189,340,4075.541389
122.806795,414,4077.010473
152.192844,1180,4081.987002
123.434398,340,4083.410918
169.466262,1360,4104.902535
-106.667842,1106,4110.957117
143.897053,893,4115.540851
100.81552,1861,4119.623941
135.840195,340,4120.944088
167.159254,1478,4127.764078
185.812955,340,4129.376168
-34.718612,944,4133.796981
249.108632,1799,4140.540511
129.468472,1325,4144.630331
142.221332,1470,4163.965747
166.945542,1739,4172.533354
-107.751725,1028,4177.664293
-121.41501,1147,4183.305426
-139.297978,817,4187.424447
155.717063,340,4188.979568
147.855047,1008,4193.365231
55.528773,1485,4196.597385
122.875106,413,4197.788231
119.37162,819,4200.492585
-7.352351,1383,4217.382071
149.372354,2117,4223.538137
-138.751237,738,4226.055297
64.804735,1896,4231.804334
-117.277308,1105,4235.423809
156.069172,423,4237.523685
-86.866829,917,4242.400177
-106.812295,776,4245.8313
-21.458258,1889,4250.492069
152.507789,1721,4265.577931
-91.705438,1070,4269.034213
128.836596,862,4271.880181
129.152286,1357,4276.090941
128.3538,1313,4280.203537
-49.918333,1171,4283.901479
135.706062,421,4285.166305
-9.229354,2637,4290.189642
162.457085,1370,4306.550515
-133.704993,1058,4308.90555
135.73822,340,4310.046386
289.147981,1632,4314.970118
84.62143,1509,4319.507919
-94.370303,1619,4322.845677
-116.217023,1345,4326.91716
-95.108484,1049,4330.290003
256.312982,2147,4346.760298
-118.915483,1069,4349.109363
149.81476,810,4351.884464
135.810687,414,4353.135122
135.83368,340,4354.241974
291.756828,1665,4359.165226
-127.495718,820,4361.869175
135.835912,340,4362.983389
-59.494324,1413,4365.863744
116.046384,878,4368.76206
-100.019578,933,4372.298668
222.570315,824,4375.149236
-117.211957,1221,4390.709421
5.180062,1200,4394.611721
163.542243,1102,4398.08494
143.734798,1328,4402.242128
-106.455718,1008,4405.531474
155.817093,874,4408.608671
-85.700384,1592,4413.424308
-134.201556,1025,4415.676031
136.054376,424,4416.923965
-127.611412,1270,4420.842088
127.869361,340,4431.186745
157.35081,1849,4436.61706
69.931862,1252,4440.555827
-80.190674,1040,4444.046742
182.824644,414,4445.310831
123.547447,340,4446.421818
-99.201908,1826,4449.944489
-29.735212,2136,4454.153657
45.616093,2607,4470.779617
-52.555916,1897,4476.31263
135.615568,777,4479.004813
-119.373713,1504,4482.023869
-127.262769,826,4484.763793
135.699713,414,4485.984978
-106.515833,725,4488.465621
189.179116,826,4491.384729
-89.835884,1547,4496.094575
-139.387684,885,4498.115473
-76.065198,1036,4511.134665
-114.505729,845,4513.924598
115.343936,414,4515.151023
-134.711405,925,4518.201884
-122.039137,882,4521.080878
313.044464,2109,4527.189626
-123.934892,782,4529.939643
168.850356,1246,4533.895965
10.466856,1525,4538.539358
109.111064,853,4541.384717
154.504222,1406,4556.958557
-109.113384,1250,4560.802676
207.134816,1445,4565.301415
160.544574,888,4568.264363
146.675372,1241,4572.247302
-115.575125,1562,4577.045475
-98.029622,1179,4580.902322
-116.796485,859,4583.76237
139.273211,1239,4587.535678
148.942301,1183,4600.279582
-139.227061,861,4603.110023
147.295844,1049,4606.532923
135.66044,340,4607.746579
34.877574,1598,4612.55232
-106.639537,792,4615.286052
-80.515945,1697,4620.493927
-95.192486,801,4623.19719
134.661745,864,4626.13369
122.950323,340,4627.251629
-106.557471,876,4630.119101
-74.066775,1315,4646.299516
-126.999564,874,4649.202314
163.884896,1696,4654.274759
135.76187,340,4655.383632
132.604935,414,4656.624604
-106.531142,646,4658.900812
-52.321461,2481,4663.578256
-63.141331,1860,4667.262844
-16.710826,1498,4671.722231
-90.215157,1555,4681.52642
127.575728,340,4682.668599
-16.403915,1089,4686.589318
138.262675,1894,4693.07237
108.723264,1192,4697.544722
150.72712,414,4698.837342
-102.508455,1085,4702.312255
219.397625,1890,4709.348758
-62.890683,1307,4715.28826
131.552996,1183,4736.092337
-122.662518,1055,4745.826508
122.684673,874,4753.563904
-93.762618,1379,4764.680148
108.963771,1416,4771.583942
-126.768382,984,4775.099454
114.572049,1142,4778.75855
188.904299,920,4781.985834
352.066556,1431,4786.884794
142.40879,1185,4806.664215
123.4007,340,4809.280871
152.690503,340,4812.045507
122.488792,855,4820.534225
-72.356901,1893,4833.572848
189.387174,816,4842.105364
122.864713,414,4845.542732
-67.169219,1441,4859.833682
129.466971,903,4868.263569
-87.506771,734,4875.537946
194.09178,1224,4886.327243
209.200272,1672,4900.957158
162.693095,1119,4924.743797
72.414255,2700,4942.679873
-122.664968,1183,4953.492661
155.485121,866,4961.681843
162.142181,974,4970.541829
-62.201761,2245,4984.550189
-110.137163,827,4992.379828
-107.031457,1212,5025.849247
52.664552,1112,5036.531722
-52.753915,2674,5041.754453
122.739869,425,5043.026737
-56.995424,1243,5047.289333
187.79064,1349,5051.712425
210.740481,2051,5056.574178
